id	,name	,marks	,avg_mks	,percentage	
1223,Kriti,"{0: 23, 1: 45, 2: 66}",44.666666666666664,44.67 %
1445,Beth,"{0: 23, 1: 88, 2: 65}",58.666666666666664,58.67 %
1669,Rach,"{0: 45, 1: 65, 2: 88}",66.0,66.00 %
