id,name,marks,avg_mks,percentage
1234,Kriti,"{0: 23, 1: 45, 2: 60}",42.666666666666664,42.67 %
1678,Beth,"{0: 45, 1: 67, 2: 45}",52.333333333333336,52.33 %
1667,Rachel,"{0: 68, 1: 90, 2: 23}",60.333333333333336,60.33 %
1433,Den,"{0: 55, 1: 45, 2: 60}",53.333333333333336,53.33 %
1880,Jim,"{0: 70, 1: 20, 2: 40}",43.333333333333336,43.33 %
